{"cameraMode":{"drawMode":0,"name":"Shaded","section":"Shading Mode"},"sceneLighting":false,"audioPlay":false,"sceneViewState":{"m_AlwaysRefresh":false,"showFog":true,"showSkybox":false,"showFlares":true,"showImageEffects":true,"showParticleSystems":true,"showVisualEffectGraphs":true,"m_FxEnabled":true},"in2DMode":false,"pivot":{"x":-2.6737797260284426,"y":0.7196661233901978,"z":2.150071382522583},"rotation":{"x":0.30308762192726138,"y":0.08845473825931549,"z":-0.02826829068362713,"w":0.9484332799911499},"size":2.4073948860168459,"orthographic":false}