{"cameraMode":{"drawMode":0,"name":"Shaded","section":"Shading Mode"},"sceneLighting":false,"audioPlay":false,"sceneViewState":{"m_AlwaysRefresh":false,"showFog":true,"showSkybox":false,"showFlares":true,"showImageEffects":true,"showParticleSystems":true,"showVisualEffectGraphs":true,"m_FxEnabled":true},"in2DMode":false,"pivot":{"x":-3.1402359008789064,"y":0.9204393625259399,"z":1.9847400188446046},"rotation":{"x":0.027306511998176576,"y":-0.000004572290436044568,"z":-4.3042413722105268e-7,"w":0.9996344447135925},"size":1.207395076751709,"orthographic":false}