{"cameraMode":{"drawMode":0,"name":"Shaded","section":"Shading Mode"},"sceneLighting":false,"audioPlay":false,"sceneViewState":{"m_AlwaysRefresh":false,"showFog":true,"showSkybox":false,"showFlares":true,"showImageEffects":true,"showParticleSystems":true,"showVisualEffectGraphs":true,"m_FxEnabled":true},"in2DMode":false,"pivot":{"x":0.1294744312763214,"y":0.5867865085601807,"z":0.3458709716796875},"rotation":{"x":0.0006036839913576841,"y":0.9978645443916321,"z":-0.06476161628961563,"w":0.009280948899686337},"size":1.2150752544403077,"orthographic":false}