{"cameraMode":{"drawMode":0,"name":"Shaded","section":"Shading Mode"},"sceneLighting":false,"audioPlay":false,"sceneViewState":{"m_AlwaysRefresh":false,"showFog":true,"showSkybox":false,"showFlares":true,"showImageEffects":true,"showParticleSystems":true,"showVisualEffectGraphs":true,"m_FxEnabled":true},"in2DMode":false,"pivot":{"x":-0.06644435226917267,"y":0.2869492173194885,"z":0.31604087352752688},"rotation":{"x":0.009269481524825096,"y":0.9764018654823303,"z":-0.2114935666322708,"w":0.04279462993144989},"size":2.11507511138916,"orthographic":false}