{"cameraMode":{"drawMode":0,"name":"Shaded","section":"Shading Mode"},"sceneLighting":false,"audioPlay":false,"sceneViewState":{"m_AlwaysRefresh":false,"showFog":true,"showSkybox":false,"showFlares":true,"showImageEffects":true,"showParticleSystems":true,"showVisualEffectGraphs":true,"m_FxEnabled":true},"in2DMode":false,"pivot":{"x":0.1852671504020691,"y":0.15392723679542542,"z":-0.07676112651824951},"rotation":{"x":-0.0019551643636077644,"y":0.9980458617210388,"z":0.043132632970809939,"w":0.045243311673402789},"size":3.0150749683380129,"orthographic":false}