{"cameraMode":{"drawMode":0,"name":"Shaded","section":"Shading Mode"},"sceneLighting":false,"audioPlay":false,"sceneViewState":{"m_AlwaysRefresh":false,"showFog":true,"showSkybox":false,"showFlares":true,"showImageEffects":true,"showParticleSystems":true,"showVisualEffectGraphs":true,"m_FxEnabled":true},"in2DMode":false,"pivot":{"x":-0.13690893352031709,"y":0.1649884581565857,"z":1.5864388942718506},"rotation":{"x":-0.02618344873189926,"y":0.9672567844390869,"z":-0.22628292441368104,"w":-0.11192265897989273},"size":0.32564717531204226,"orthographic":false}