{"cameraMode":{"drawMode":0,"name":"Shaded","section":"Shading Mode"},"sceneLighting":false,"audioPlay":false,"sceneViewState":{"m_AlwaysRefresh":false,"showFog":true,"showSkybox":false,"showFlares":true,"showImageEffects":true,"showParticleSystems":true,"showVisualEffectGraphs":true,"m_FxEnabled":true},"in2DMode":false,"pivot":{"x":0.12285740673542023,"y":0.5548485517501831,"z":1.4137681722640992},"rotation":{"x":0.000626131019089371,"y":0.9914479851722717,"z":-0.13043615221977235,"w":0.00475996034219861},"size":1.5256471633911133,"orthographic":false}