{"cameraMode":{"drawMode":0,"name":"Shaded","section":"Shading Mode"},"sceneLighting":true,"audioPlay":false,"sceneViewState":{"m_AlwaysRefresh":false,"showFog":true,"showSkybox":true,"showFlares":true,"showImageEffects":true,"showParticleSystems":true,"showVisualEffectGraphs":true,"m_FxEnabled":true},"in2DMode":false,"pivot":{"x":-0.11690128594636917,"y":0.9988713264465332,"z":-1.2899322509765626},"rotation":{"x":0.5410708785057068,"y":0.015130396001040936,"z":-0.009741350077092648,"w":0.8407914638519287},"size":3.8945610523223879,"orthographic":false}