{"cameraMode":{"drawMode":0,"name":"Shaded","section":"Shading Mode"},"sceneLighting":true,"audioPlay":false,"sceneViewState":{"m_AlwaysRefresh":false,"showFog":true,"showSkybox":true,"showFlares":true,"showImageEffects":true,"showParticleSystems":true,"showVisualEffectGraphs":true,"m_FxEnabled":true},"in2DMode":false,"pivot":{"x":10.423851013183594,"y":1.0232391357421876,"z":-8.87644100189209},"rotation":{"x":0.7023470401763916,"y":-0.01281823217868805,"z":0.012627605348825455,"w":0.711658239364624},"size":120.75726318359375,"orthographic":false}