{"cameraMode":{"drawMode":0,"name":"Shaded","section":"Shading Mode"},"sceneLighting":true,"audioPlay":false,"sceneViewState":{"m_AlwaysRefresh":false,"showFog":true,"showSkybox":true,"showFlares":true,"showImageEffects":true,"showParticleSystems":true,"showVisualEffectGraphs":true,"m_FxEnabled":true},"in2DMode":false,"pivot":{"x":-2.1346213817596437,"y":-0.01951313018798828,"z":1.5953065156936646},"rotation":{"x":0.21893176436424256,"y":0.7545041441917419,"z":-0.5367244482040405,"w":0.3077646791934967},"size":3.882045269012451,"orthographic":false}