{"cameraMode":{"drawMode":0,"name":"Shaded","section":"Shading Mode"},"sceneLighting":false,"audioPlay":false,"sceneViewState":{"m_AlwaysRefresh":false,"showFog":true,"showSkybox":false,"showFlares":true,"showImageEffects":true,"showParticleSystems":true,"showVisualEffectGraphs":true,"m_FxEnabled":true},"in2DMode":false,"pivot":{"x":-0.022820372134447099,"y":0.06936466693878174,"z":-0.18175315856933595},"rotation":{"x":-0.0008131149807013571,"y":0.9967669248580933,"z":-0.07972123473882675,"w":-0.010166501626372338},"size":0.5211764574050903,"orthographic":false}