{"cameraMode":{"drawMode":0,"name":"Shaded","section":"Shading Mode"},"sceneLighting":false,"audioPlay":false,"sceneViewState":{"m_AlwaysRefresh":false,"showFog":true,"showSkybox":false,"showFlares":true,"showImageEffects":true,"showParticleSystems":true,"showVisualEffectGraphs":true,"m_FxEnabled":true},"in2DMode":false,"pivot":{"x":0.06578844040632248,"y":-0.06089410185813904,"z":0.10335791110992432},"rotation":{"x":0.011489635333418846,"y":0.9758968353271484,"z":-0.2113843709230423,"w":0.05304422229528427},"size":0.5029187202453613,"orthographic":false}