{"cameraMode":{"drawMode":0,"name":"Shaded","section":"Shading Mode"},"sceneLighting":false,"audioPlay":false,"sceneViewState":{"m_AlwaysRefresh":true,"showFog":true,"showSkybox":false,"showFlares":true,"showImageEffects":true,"showParticleSystems":true,"showVisualEffectGraphs":true,"m_FxEnabled":true},"in2DMode":false,"pivot":{"x":-2.421746253967285,"y":0.7632045745849609,"z":0.45202112197875979},"rotation":{"x":0.00018557872681412846,"y":0.9984443187713623,"z":-0.05578097701072693,"w":0.0032954050693660976},"size":1.5938880443572999,"orthographic":false}