{"cameraMode":{"drawMode":0,"name":"Shaded","section":"Shading Mode"},"sceneLighting":false,"audioPlay":false,"sceneViewState":{"m_AlwaysRefresh":false,"showFog":true,"showSkybox":false,"showFlares":true,"showImageEffects":true,"showParticleSystems":true,"showVisualEffectGraphs":true,"m_FxEnabled":true},"in2DMode":false,"pivot":{"x":0.16382676362991334,"y":-0.9324357509613037,"z":-0.17907874286174775},"rotation":{"x":0.005387531593441963,"y":0.7232226729393005,"z":-0.690575897693634,"w":0.005641453433781862},"size":1.9732050895690919,"orthographic":false}